{"cameraMode":{"drawMode":0,"name":"Shaded","section":"Shading Mode"},"sceneLighting":true,"audioPlay":false,"sceneViewState":{"m_AlwaysRefresh":false,"showFog":true,"showSkybox":true,"showFlares":true,"showImageEffects":true,"showParticleSystems":true,"showVisualEffectGraphs":true,"m_FxEnabled":true},"in2DMode":false,"pivot":{"x":0.4931100606918335,"y":-0.6461572647094727,"z":2.5025105476379396},"rotation":{"x":-0.35458844900131228,"y":0.04933368042111397,"z":-0.018738390877842904,"w":-0.9335407018661499},"size":7.493101596832275,"orthographic":false}