{"cameraMode":{"drawMode":0,"name":"Shaded","section":"Shading Mode"},"sceneLighting":false,"audioPlay":false,"sceneViewState":{"m_AlwaysRefresh":false,"showFog":true,"showSkybox":false,"showFlares":true,"showImageEffects":true,"showParticleSystems":true,"showVisualEffectGraphs":true,"m_FxEnabled":true},"in2DMode":false,"pivot":{"x":-4.149900436401367,"y":1.9225175380706788,"z":0.18520474433898927},"rotation":{"x":-0.19674836099147798,"y":-0.16645672917366029,"z":0.03391599655151367,"w":-0.9656308889389038},"size":1.5251089334487916,"orthographic":false}