{"cameraMode":{"drawMode":0,"name":"Shaded","section":"Shading Mode"},"sceneLighting":true,"audioPlay":false,"sceneViewState":{"m_AlwaysRefresh":false,"showFog":true,"showSkybox":true,"showFlares":true,"showImageEffects":true,"showParticleSystems":true,"showVisualEffectGraphs":true,"m_FxEnabled":true},"in2DMode":false,"pivot":{"x":0.09759154915809632,"y":-0.0038309097290039064,"z":-2.8820314407348635},"rotation":{"x":-0.4174954295158386,"y":0.02098492532968521,"z":-0.00964477937668562,"w":-0.9083850383758545},"size":5.927521228790283,"orthographic":false}